473.1266864,876.010664,processed_routes/route3/0.jpg
473.048858,877.168632,processed_routes/route3/1.jpg
473.64716999999996,874.496004,processed_routes/route3/2.jpg
472.22627,876.2017920000001,processed_routes/route3/3.jpg
473.104433,876.539696,processed_routes/route3/4.jpg
472.8875644,877.3445839999999,processed_routes/route3/5.jpg
472.0932722,881.241316,processed_routes/route3/6.jpg
471.126964,882.1820600000001,processed_routes/route3/7.jpg
472.0514278,878.168036,processed_routes/route3/8.jpg
473.838842,874.808736,processed_routes/route3/9.jpg
472.84923000000003,878.902812,processed_routes/route3/10.jpg
473.686066,874.84578,processed_routes/route3/11.jpg
473.428484,875.320604,processed_routes/route3/12.jpg
472.738782,876.412716,processed_routes/route3/13.jpg
471.701096,880.4191519999999,processed_routes/route3/14.jpg
473.604062,874.713452,processed_routes/route3/15.jpg
472.482422,877.460644,processed_routes/route3/16.jpg
471.315854,880.613164,processed_routes/route3/17.jpg
471.649642,880.966244,processed_routes/route3/18.jpg
473.0195404,876.200168,processed_routes/route3/19.jpg
472.5355296,876.69028,processed_routes/route3/20.jpg
471.34970599999997,881.1300719999999,processed_routes/route3/21.jpg
472.729656,876.774504,processed_routes/route3/22.jpg
471.058558,882.0495639999999,processed_routes/route3/23.jpg
469.052905,887.145732,processed_routes/route3/24.jpg
469.3924,885.631268,processed_routes/route3/25.jpg
471.461454,879.93408,processed_routes/route3/26.jpg
472.7517482,876.561256,processed_routes/route3/27.jpg
472.50446999999997,876.49218,processed_routes/route3/28.jpg
472.10227599999996,878.384364,processed_routes/route3/29.jpg
471.7859002,880.912988,processed_routes/route3/30.jpg
473.1626704,876.655,processed_routes/route3/31.jpg
470.357546,882.694264,processed_routes/route3/32.jpg
470.41444179999996,883.1613600000001,processed_routes/route3/33.jpg
472.105344,877.9479839999999,processed_routes/route3/34.jpg
471.29834300000005,880.6046240000001,processed_routes/route3/35.jpg
471.557446,878.855296,processed_routes/route3/36.jpg
472.90656,877.270076,processed_routes/route3/37.jpg
473.284496,875.945172,processed_routes/route3/38.jpg
471.749651,880.611176,processed_routes/route3/39.jpg
472.9010636,876.463956,processed_routes/route3/40.jpg
471.04857400000003,881.3256799999999,processed_routes/route3/41.jpg
472.711768,876.830168,processed_routes/route3/42.jpg
471.192146,881.2769040000001,processed_routes/route3/43.jpg
472.394893,877.1247000000001,processed_routes/route3/44.jpg
472.0951936,877.680584,processed_routes/route3/45.jpg
469.4777138,884.394368,processed_routes/route3/46.jpg
472.3521516,877.392548,processed_routes/route3/47.jpg
471.68406600000003,878.8855639999999,processed_routes/route3/48.jpg
472.41968399999996,878.354992,processed_routes/route3/49.jpg
471.513831,879.037436,processed_routes/route3/50.jpg
471.982702,878.3236039999999,processed_routes/route3/51.jpg
472.059168,878.403768,processed_routes/route3/52.jpg
473.358362,875.840704,processed_routes/route3/53.jpg
473.4019796,873.630132,processed_routes/route3/54.jpg
472.461375,877.290796,processed_routes/route3/55.jpg
472.876868,877.66258,processed_routes/route3/56.jpg
471.96876599999996,878.916252,processed_routes/route3/57.jpg
471.08819800000003,882.028536,processed_routes/route3/58.jpg
471.036276,880.271116,processed_routes/route3/59.jpg
472.9789518,876.827732,processed_routes/route3/60.jpg
473.53836,876.5839080000001,processed_routes/route3/61.jpg
473.4161444,875.940104,processed_routes/route3/62.jpg
472.275722,877.467616,processed_routes/route3/63.jpg
473.653358,875.461108,processed_routes/route3/64.jpg
473.86029199999996,872.5057079999999,processed_routes/route3/65.jpg
472.5132138,876.65752,processed_routes/route3/66.jpg
475.091639,870.571524,processed_routes/route3/67.jpg
472.333156,876.493524,processed_routes/route3/68.jpg
472.833084,876.8811000000001,processed_routes/route3/69.jpg
472.0815384,878.073564,processed_routes/route3/70.jpg
472.9633622,876.01744,processed_routes/route3/71.jpg
473.392448,875.143784,processed_routes/route3/72.jpg
472.32238159999997,879.2058,processed_routes/route3/73.jpg
471.49593,880.1929680000001,processed_routes/route3/74.jpg
472.31977900000004,877.938744,processed_routes/route3/75.jpg
471.938762,878.324276,processed_routes/route3/76.jpg
474.2266944,873.67328,processed_routes/route3/77.jpg
473.3449018,875.684716,processed_routes/route3/78.jpg
473.88858,872.961968,processed_routes/route3/79.jpg
474.3212902,872.9495919999999,processed_routes/route3/80.jpg
471.519798,878.28264,processed_routes/route3/81.jpg
471.41898819999994,880.2097679999999,processed_routes/route3/82.jpg
471.972016,879.21938,processed_routes/route3/83.jpg
472.335236,877.112016,processed_routes/route3/84.jpg
472.2408976,878.381368,processed_routes/route3/85.jpg
472.879546,875.553368,processed_routes/route3/86.jpg
473.583834,876.312252,processed_routes/route3/87.jpg
474.78233,872.368788,processed_routes/route3/88.jpg
472.6108776,877.347608,processed_routes/route3/89.jpg
472.751236,877.4036639999999,processed_routes/route3/90.jpg
473.36273,876.11852,processed_routes/route3/91.jpg
473.484618,875.784312,processed_routes/route3/92.jpg
472.902556,876.91246,processed_routes/route3/93.jpg
475.80165999999997,870.6609000000001,processed_routes/route3/94.jpg
473.835917,875.737132,processed_routes/route3/95.jpg
473.1598364,877.4348279999999,processed_routes/route3/96.jpg
471.639424,879.9029439999999,processed_routes/route3/97.jpg
471.7750036,878.660388,processed_routes/route3/98.jpg
472.4361784,878.478024,processed_routes/route3/99.jpg
472.713042,877.424916,processed_routes/route3/100.jpg
474.3336558,872.695044,processed_routes/route3/101.jpg
474.2509784,873.281728,processed_routes/route3/102.jpg
473.188738,876.5077759999999,processed_routes/route3/103.jpg
473.482824,875.9716040000001,processed_routes/route3/104.jpg
473.105772,876.2630839999999,processed_routes/route3/105.jpg
473.29513,874.893716,processed_routes/route3/106.jpg
472.033324,879.32956,processed_routes/route3/107.jpg
471.143968,880.379588,processed_routes/route3/108.jpg
473.12832960000003,877.076176,processed_routes/route3/109.jpg
472.905598,878.5146480000001,processed_routes/route3/110.jpg
473.264008,876.8374200000001,processed_routes/route3/111.jpg
473.6690724,876.6639319999999,processed_routes/route3/112.jpg
473.7228638,876.184992,processed_routes/route3/113.jpg
473.988264,875.596712,processed_routes/route3/114.jpg
474.8022304,874.554804,processed_routes/route3/115.jpg
473.60250199999996,876.0474839999999,processed_routes/route3/116.jpg
474.925668,872.98406,processed_routes/route3/117.jpg
472.730878,877.277244,processed_routes/route3/118.jpg
474.453196,875.1807160000001,processed_routes/route3/119.jpg
474.178636,873.990604,processed_routes/route3/120.jpg
473.88410799999997,874.4060119999999,processed_routes/route3/121.jpg
474.4658944,873.665384,processed_routes/route3/122.jpg
470.328764,882.3639479999999,processed_routes/route3/123.jpg
469.8261996,883.1460159999999,processed_routes/route3/124.jpg
473.47193000000004,874.675344,processed_routes/route3/125.jpg
470.4467,881.129428,processed_routes/route3/126.jpg
468.43963,883.525696,processed_routes/route3/127.jpg
472.67529,873.267168,processed_routes/route3/128.jpg
471.951164,873.155756,processed_routes/route3/129.jpg
472.0546518,873.084692,processed_routes/route3/130.jpg
472.35627,873.524572,processed_routes/route3/131.jpg
471.494955,873.5231160000001,processed_routes/route3/132.jpg
471.51424959999997,872.830648,processed_routes/route3/133.jpg
472.54842299999996,869.5593240000001,processed_routes/route3/134.jpg
472.8797384,868.8108560000001,processed_routes/route3/135.jpg
472.5630064,868.732568,processed_routes/route3/136.jpg
472.030074,868.854368,processed_routes/route3/137.jpg
470.90989,869.698176,processed_routes/route3/138.jpg
471.57476199999996,867.888116,processed_routes/route3/139.jpg
471.413094,869.458916,processed_routes/route3/140.jpg
470.194188,868.50658,processed_routes/route3/141.jpg
472.664344,863.4078079999999,processed_routes/route3/142.jpg
470.646354,866.54644,processed_routes/route3/143.jpg
470.4759682,866.374156,processed_routes/route3/144.jpg
470.4321244,866.219344,processed_routes/route3/145.jpg
472.899982,860.0460439999999,processed_routes/route3/146.jpg
469.422534,866.990828,processed_routes/route3/147.jpg
471.5589124,861.6835679999999,processed_routes/route3/148.jpg
471.5238098,861.378648,processed_routes/route3/149.jpg
471.43891199999996,858.6937559999999,processed_routes/route3/150.jpg
471.646548,858.855204,processed_routes/route3/151.jpg
471.517055,858.499492,processed_routes/route3/152.jpg
470.57790639999996,859.6312519999999,processed_routes/route3/153.jpg
470.601036,859.1321519999999,processed_routes/route3/154.jpg
471.1729996,856.202092,processed_routes/route3/155.jpg
469.30426,860.863728,processed_routes/route3/156.jpg
468.33378400000004,861.366272,processed_routes/route3/157.jpg
468.21135000000004,860.6108039999999,processed_routes/route3/158.jpg
467.6498644,861.575432,processed_routes/route3/159.jpg
467.346642,862.48224,processed_routes/route3/160.jpg
469.5281122,856.8082919999999,processed_routes/route3/161.jpg
469.7361304,854.073056,processed_routes/route3/162.jpg
468.82175199999995,856.97604,processed_routes/route3/163.jpg
469.30684180000003,854.555076,processed_routes/route3/164.jpg
470.0170318,853.606044,processed_routes/route3/165.jpg
469.914454,853.259684,processed_routes/route3/166.jpg
469.639413,853.5289319999999,processed_routes/route3/167.jpg
469.64155800000003,852.644552,processed_routes/route3/168.jpg
467.863392,855.2876679999999,processed_routes/route3/169.jpg
467.984656,854.058608,processed_routes/route3/170.jpg
469.50456399999996,849.688564,processed_routes/route3/171.jpg
466.9841682,854.794392,processed_routes/route3/172.jpg
470.2337444,847.5924279999999,processed_routes/route3/173.jpg
471.292116,843.886992,processed_routes/route3/174.jpg
468.705792,849.0739639999999,processed_routes/route3/175.jpg
469.49273400000004,847.2132799999999,processed_routes/route3/176.jpg
469.11695599999996,847.4413400000001,processed_routes/route3/177.jpg
468.04253200000005,848.296292,processed_routes/route3/178.jpg
468.5390956,847.274516,processed_routes/route3/179.jpg
468.62168199999996,847.3618759999999,processed_routes/route3/180.jpg
468.72713799999997,844.962892,processed_routes/route3/181.jpg
469.1128324,844.08596,processed_routes/route3/182.jpg
468.9848864,843.857704,processed_routes/route3/183.jpg
467.830996,845.617672,processed_routes/route3/184.jpg
467.8210796,844.686616,processed_routes/route3/185.jpg
468.40905399999997,842.143292,processed_routes/route3/186.jpg
467.2772038,844.625492,processed_routes/route3/187.jpg
468.05574,841.83196,processed_routes/route3/188.jpg
466.626494,843.514788,processed_routes/route3/189.jpg
464.33514,848.494588,processed_routes/route3/190.jpg
468.2577444,839.4086159999999,processed_routes/route3/191.jpg
466.93698600000005,842.4792640000001,processed_routes/route3/192.jpg
464.31746,845.5152479999999,processed_routes/route3/193.jpg
465.473706,842.273968,processed_routes/route3/194.jpg
464.98774000000003,842.651296,processed_routes/route3/195.jpg
466.160522,840.469004,processed_routes/route3/196.jpg
467.127774,837.128828,processed_routes/route3/197.jpg
466.6049504,837.009828,processed_routes/route3/198.jpg
464.11720019999996,843.1078640000001,processed_routes/route3/199.jpg
466.02911800000004,838.690584,processed_routes/route3/200.jpg
466.01736600000004,836.825476,processed_routes/route3/201.jpg
468.115644,831.5939000000001,processed_routes/route3/202.jpg
466.0592156,836.8134359999999,processed_routes/route3/203.jpg
465.6221478,834.93346,processed_routes/route3/204.jpg
467.412266,831.806224,processed_routes/route3/205.jpg
466.769676,831.7837119999999,processed_routes/route3/206.jpg
465.60004000000004,833.628296,processed_routes/route3/207.jpg
467.6652538,828.1666720000001,processed_routes/route3/208.jpg
467.937024,827.773104,processed_routes/route3/209.jpg
465.35551780000003,831.157828,processed_routes/route3/210.jpg
465.00965799999994,831.0668000000001,processed_routes/route3/211.jpg
466.052596,829.0072600000001,processed_routes/route3/212.jpg
465.0381982,831.3329960000001,processed_routes/route3/213.jpg
466.782455,826.27698,processed_routes/route3/214.jpg
466.99518439999997,826.290364,processed_routes/route3/215.jpg
463.85024,832.240504,processed_routes/route3/216.jpg
466.04757800000004,826.86932,processed_routes/route3/217.jpg
465.1618958,827.727324,processed_routes/route3/218.jpg
465.68298,824.721048,processed_routes/route3/219.jpg
462.908546,829.867028,processed_routes/route3/220.jpg
463.812306,827.342408,processed_routes/route3/221.jpg
465.09452980000003,825.8359800000001,processed_routes/route3/222.jpg
466.99709800000005,820.52256,processed_routes/route3/223.jpg
465.802723,823.212996,processed_routes/route3/224.jpg
466.391688,819.412248,processed_routes/route3/225.jpg
467.1720078,816.0819,processed_routes/route3/226.jpg
466.032329,819.5500360000001,processed_routes/route3/227.jpg
466.734602,817.6905,processed_routes/route3/228.jpg
467.4530496,816.7089599999999,processed_routes/route3/229.jpg
465.979016,817.23564,processed_routes/route3/230.jpg
465.3316524,817.7333679999999,processed_routes/route3/231.jpg
467.59339239999997,813.3195880000001,processed_routes/route3/232.jpg
465.8415878,816.801108,processed_routes/route3/233.jpg
467.112655,812.812088,processed_routes/route3/234.jpg
467.142906,812.441144,processed_routes/route3/235.jpg
466.861794,809.879284,processed_routes/route3/236.jpg
464.8953438,813.500888,processed_routes/route3/237.jpg
466.45302200000003,810.0401999999999,processed_routes/route3/238.jpg
467.57671600000003,807.0882160000001,processed_routes/route3/239.jpg
465.5070822,810.09662,processed_routes/route3/240.jpg
464.3146182,811.98928,processed_routes/route3/241.jpg
463.914681,815.146364,processed_routes/route3/242.jpg
464.8190676,811.664088,processed_routes/route3/243.jpg
466.2229896,807.4469240000001,processed_routes/route3/244.jpg
463.416612,812.51064,processed_routes/route3/245.jpg
464.888433,809.239484,processed_routes/route3/246.jpg
463.44165,812.874696,processed_routes/route3/247.jpg
463.6281844,810.0584,processed_routes/route3/248.jpg
464.037102,808.96822,processed_routes/route3/249.jpg
465.476488,805.731812,processed_routes/route3/250.jpg
464.457912,806.01772,processed_routes/route3/251.jpg
464.16386239999997,807.69898,processed_routes/route3/252.jpg
463.755054,806.932676,processed_routes/route3/253.jpg
463.694006,806.8482,processed_routes/route3/254.jpg
463.81504900000004,806.372424,processed_routes/route3/255.jpg
464.059969,805.9564,processed_routes/route3/256.jpg
464.68081,803.22122,processed_routes/route3/257.jpg
463.586054,804.24476,processed_routes/route3/258.jpg
462.044059,806.730684,processed_routes/route3/259.jpg
463.094706,804.7065640000001,processed_routes/route3/260.jpg
464.071318,802.336896,processed_routes/route3/261.jpg
463.923235,800.507068,processed_routes/route3/262.jpg
463.184744,800.83324,processed_routes/route3/263.jpg
464.17164160000004,799.200784,processed_routes/route3/264.jpg
465.0983284,796.833412,processed_routes/route3/265.jpg
462.27868820000003,801.64678,processed_routes/route3/266.jpg
463.8510356,797.706424,processed_routes/route3/267.jpg
463.37456999999995,797.999724,processed_routes/route3/268.jpg
463.27776159999996,797.8060760000001,processed_routes/route3/269.jpg
464.61535760000004,793.2607519999999,processed_routes/route3/270.jpg
464.9964344,792.499488,processed_routes/route3/271.jpg
463.965004,793.2455199999999,processed_routes/route3/272.jpg
461.587772,798.643444,processed_routes/route3/273.jpg
465.70403999999996,789.48918,processed_routes/route3/274.jpg
464.596232,789.9058480000001,processed_routes/route3/275.jpg
462.270987,795.9648520000001,processed_routes/route3/276.jpg
461.4393276,797.10434,processed_routes/route3/277.jpg
462.4742004,793.743892,processed_routes/route3/278.jpg
460.799322,796.16242,processed_routes/route3/279.jpg
464.183586,788.311864,processed_routes/route3/280.jpg
463.87143,789.944824,processed_routes/route3/281.jpg
463.18140040000003,789.1642119999999,processed_routes/route3/282.jpg
464.181792,787.9200599999999,processed_routes/route3/283.jpg
462.7745524,790.107364,processed_routes/route3/284.jpg
462.8891838,788.793576,processed_routes/route3/285.jpg
461.913786,790.6363120000001,processed_routes/route3/286.jpg
460.85405979999996,791.5999879999999,processed_routes/route3/287.jpg
461.69614,788.2740920000001,processed_routes/route3/288.jpg
463.8041238,784.958528,processed_routes/route3/289.jpg
463.323064,785.68692,processed_routes/route3/290.jpg
461.198331,788.339556,processed_routes/route3/291.jpg
464.049192,782.63408,processed_routes/route3/292.jpg
462.9654002,783.389884,processed_routes/route3/293.jpg
462.717043,783.76528,processed_routes/route3/294.jpg
462.070202,784.0367679999999,processed_routes/route3/295.jpg
462.522056,783.42746,processed_routes/route3/296.jpg
461.837359,783.801148,processed_routes/route3/297.jpg
463.182404,780.5135,processed_routes/route3/298.jpg
463.37379780000003,779.9729319999999,processed_routes/route3/299.jpg
462.60229979999997,780.21964,processed_routes/route3/300.jpg
462.248224,781.2444399999999,processed_routes/route3/301.jpg
461.504182,782.651132,processed_routes/route3/302.jpg
462.31599040000003,778.9178360000001,processed_routes/route3/303.jpg
462.160968,778.1493760000001,processed_routes/route3/304.jpg
462.040536,778.783408,processed_routes/route3/305.jpg
462.5368084,778.599952,processed_routes/route3/306.jpg
464.1712542,773.149276,processed_routes/route3/307.jpg
463.837994,773.142752,processed_routes/route3/308.jpg
462.71290380000005,774.599032,processed_routes/route3/309.jpg
462.729042,774.624736,processed_routes/route3/310.jpg
465.1703744,770.126368,processed_routes/route3/311.jpg
462.3854936,775.1398240000001,processed_routes/route3/312.jpg
461.6463864,776.011968,processed_routes/route3/313.jpg
464.73278400000004,770.118892,processed_routes/route3/314.jpg
463.207442,772.541676,processed_routes/route3/315.jpg
461.172006,774.627172,processed_routes/route3/316.jpg
460.2768,775.5785559999999,processed_routes/route3/317.jpg
461.56064100000003,771.3246839999999,processed_routes/route3/318.jpg
463.3606262,768.304828,processed_routes/route3/319.jpg
461.419539,771.017916,processed_routes/route3/320.jpg
462.682515,769.1133560000001,processed_routes/route3/321.jpg
463.268438,766.886516,processed_routes/route3/322.jpg
461.627162,768.619548,processed_routes/route3/323.jpg
461.683192,768.274784,processed_routes/route3/324.jpg
463.118782,766.432244,processed_routes/route3/325.jpg
464.4891796,760.80066,processed_routes/route3/326.jpg
462.536421,764.321072,processed_routes/route3/327.jpg
462.292008,764.684008,processed_routes/route3/328.jpg
463.750023,762.548896,processed_routes/route3/329.jpg
463.02369999999996,763.40228,processed_routes/route3/330.jpg
461.5098396,764.486384,processed_routes/route3/331.jpg
462.3073584,762.176944,processed_routes/route3/332.jpg
462.47821999999996,762.052848,processed_routes/route3/333.jpg
467.0021602,753.9651488,processed_routes/route3/334.jpg
465.9702618,755.6829319999999,processed_routes/route3/335.jpg
466.15632300000004,755.303714,processed_routes/route3/336.jpg
468.12737000000004,749.6199072,processed_routes/route3/337.jpg
465.0269636,754.4743232000001,processed_routes/route3/338.jpg
465.718743,752.012034,processed_routes/route3/339.jpg
465.3416962,751.788314,processed_routes/route3/340.jpg
467.876808,747.100064,processed_routes/route3/341.jpg
466.81395399999997,747.179052,processed_routes/route3/342.jpg
467.634644,746.62538,processed_routes/route3/343.jpg
467.2440096,745.237028,processed_routes/route3/344.jpg
467.3077798,744.87517,processed_routes/route3/345.jpg
467.68124639999996,743.836104,processed_routes/route3/346.jpg
471.03731600000003,737.1559199999999,processed_routes/route3/347.jpg
473.7492096,733.0684912,processed_routes/route3/348.jpg
473.29379359999996,733.6758168,processed_routes/route3/349.jpg
473.846083,732.5299952,processed_routes/route3/350.jpg
475.20834,729.9602448,processed_routes/route3/351.jpg
473.70905,731.7647076,processed_routes/route3/352.jpg
471.642076,734.7201832,processed_routes/route3/353.jpg
471.874906,732.95102,processed_routes/route3/354.jpg
470.8405376,735.6936479999999,processed_routes/route3/355.jpg
468.580147,738.736072,processed_routes/route3/356.jpg
469.8858956,736.2115220000001,processed_routes/route3/357.jpg
470.4754716,735.0574320000001,processed_routes/route3/358.jpg
471.177456,731.2217204,processed_routes/route3/359.jpg
471.50357399999996,732.0268632,processed_routes/route3/360.jpg
473.442004,726.0486392,processed_routes/route3/361.jpg
472.719373,728.6421392,processed_routes/route3/362.jpg
470.7900638,731.551104,processed_routes/route3/363.jpg
471.4935302,730.723256,processed_routes/route3/364.jpg
473.268818,726.02788,processed_routes/route3/365.jpg
472.03500099999997,728.737202,processed_routes/route3/366.jpg
474.2024,722.53642,processed_routes/route3/367.jpg
474.470876,722.373964,processed_routes/route3/368.jpg
471.8132522,726.4070839999999,processed_routes/route3/369.jpg
472.7435036,724.5398928,processed_routes/route3/370.jpg
474.030189,720.86734,processed_routes/route3/371.jpg
471.87215000000003,725.242816,processed_routes/route3/372.jpg
472.8225696,722.535748,processed_routes/route3/373.jpg
473.2764516,721.477222,processed_routes/route3/374.jpg
473.14839900000004,720.567908,processed_routes/route3/375.jpg
474.4540384,716.8116604,processed_routes/route3/376.jpg
473.870939,718.021812,processed_routes/route3/377.jpg
472.12268600000004,720.5543700000001,processed_routes/route3/378.jpg
469.714852,724.3610008,processed_routes/route3/379.jpg
470.14370640000004,722.51682,processed_routes/route3/380.jpg
471.811258,718.861784,processed_routes/route3/381.jpg
469.923229,721.055934,processed_routes/route3/382.jpg
470.319586,720.5304048,processed_routes/route3/383.jpg
471.52415040000005,718.107702,processed_routes/route3/384.jpg
470.1500764,720.216816,processed_routes/route3/385.jpg
469.009017,722.091276,processed_routes/route3/386.jpg
470.155253,719.1255160000001,processed_routes/route3/387.jpg
469.229107,718.7562156,processed_routes/route3/388.jpg
468.9604022,719.513526,processed_routes/route3/389.jpg
469.84961,718.2245768,processed_routes/route3/390.jpg
470.294106,715.471992,processed_routes/route3/391.jpg
469.096728,717.8416432,processed_routes/route3/392.jpg
469.10664959999997,715.723488,processed_routes/route3/393.jpg
468.19643640000004,717.069588,processed_routes/route3/394.jpg
468.6800884,716.75113,processed_routes/route3/395.jpg
468.78519600000004,714.5455,processed_routes/route3/396.jpg
467.619694,717.1113192,processed_routes/route3/397.jpg
467.999424,715.464936,processed_routes/route3/398.jpg
467.71315619999996,715.62784,processed_routes/route3/399.jpg
469.37201600000003,711.114184,processed_routes/route3/400.jpg
466.012348,717.063456,processed_routes/route3/401.jpg
466.69652240000005,714.41985,processed_routes/route3/402.jpg
466.44719799999996,714.0202088,processed_routes/route3/403.jpg
466.3390796,712.9840716,processed_routes/route3/404.jpg
465.144494,715.443432,processed_routes/route3/405.jpg
466.8481336,712.0528756,processed_routes/route3/406.jpg
465.8329558,713.1499968,processed_routes/route3/407.jpg
465.88519759999997,712.45474,processed_routes/route3/408.jpg
467.094468,709.6468272,processed_routes/route3/409.jpg
465.059305,713.372552,processed_routes/route3/410.jpg
466.4903944,709.9320996,processed_routes/route3/411.jpg
464.8709844,712.596084,processed_routes/route3/412.jpg
465.511575,712.5185071999999,processed_routes/route3/413.jpg
465.88033299999995,709.546296,processed_routes/route3/414.jpg
466.3199098,708.614372,processed_routes/route3/415.jpg
466.1370596,708.398072,processed_routes/route3/416.jpg
464.35486360000004,710.8075,processed_routes/route3/417.jpg
464.90926160000004,708.399304,processed_routes/route3/418.jpg
465.01283,708.808174,processed_routes/route3/419.jpg
463.506806,710.8988919999999,processed_routes/route3/420.jpg
462.534237,711.781368,processed_routes/route3/421.jpg
464.0096018,707.6748712,processed_routes/route3/422.jpg
464.347425,707.3460279999999,processed_routes/route3/423.jpg
463.6798984,708.011784,processed_routes/route3/424.jpg
462.710218,708.5123568,processed_routes/route3/425.jpg
464.411762,704.914172,processed_routes/route3/426.jpg
464.33530640000004,705.216488,processed_routes/route3/427.jpg
463.581478,706.0317248,processed_routes/route3/428.jpg
464.673712,702.7436484,processed_routes/route3/429.jpg
465.25078199999996,700.2611488,processed_routes/route3/430.jpg
465.008566,701.254544,processed_routes/route3/431.jpg
463.890124,701.849824,processed_routes/route3/432.jpg
464.48515999999995,699.9222480000001,processed_routes/route3/433.jpg
465.096472,698.993292,processed_routes/route3/434.jpg
465.0777936,699.0673128,processed_routes/route3/435.jpg
462.1958236,703.9382684,processed_routes/route3/436.jpg
463.86505999999997,700.563224,processed_routes/route3/437.jpg
464.3730584,698.110788,processed_routes/route3/438.jpg
464.394615,697.422324,processed_routes/route3/439.jpg
464.34062600000004,696.604808,processed_routes/route3/440.jpg
466.52338840000004,692.592492,processed_routes/route3/441.jpg
465.794494,692.564394,processed_routes/route3/442.jpg
464.9719164,693.569272,processed_routes/route3/443.jpg
463.4603336,695.136572,processed_routes/route3/444.jpg
465.140932,691.661436,processed_routes/route3/445.jpg
465.3606164,691.5116164,processed_routes/route3/446.jpg
465.4307124,691.078336,processed_routes/route3/447.jpg
466.517502,689.8177368,processed_routes/route3/448.jpg
467.29204200000004,688.7584996,processed_routes/route3/449.jpg
465.977196,689.952344,processed_routes/route3/450.jpg
465.398215,690.49175,processed_routes/route3/451.jpg
464.848952,691.453928,processed_routes/route3/452.jpg
466.489279,688.175184,processed_routes/route3/453.jpg
465.435824,689.1470276,processed_routes/route3/454.jpg
465.6798444,688.3037992,processed_routes/route3/455.jpg
465.73368000000005,688.4366620000001,processed_routes/route3/456.jpg
464.8293116,689.1889324,processed_routes/route3/457.jpg
464.1346956,690.092568,processed_routes/route3/458.jpg
460.866766,695.87006,processed_routes/route3/459.jpg
465.45717,686.6709512,processed_routes/route3/460.jpg
464.1948856,688.743388,processed_routes/route3/461.jpg
464.2231216,687.7726112,processed_routes/route3/462.jpg
464.118716,687.480504,processed_routes/route3/463.jpg
463.0529916,688.731936,processed_routes/route3/464.jpg
465.528267,684.7424036,processed_routes/route3/465.jpg
465.9881758,683.27622,processed_routes/route3/466.jpg
464.7225036,684.9166728,processed_routes/route3/467.jpg
463.407512,687.85996,processed_routes/route3/468.jpg
466.2855222,680.556328,processed_routes/route3/469.jpg
466.28506200000004,680.579022,processed_routes/route3/470.jpg
467.06599800000004,679.916626,processed_routes/route3/471.jpg
468.16494,676.188076,processed_routes/route3/472.jpg
466.209662,680.4090592,processed_routes/route3/473.jpg
466.444208,678.5837839999999,processed_routes/route3/474.jpg
466.47312,678.994628,processed_routes/route3/475.jpg
465.85728400000005,680.047372,processed_routes/route3/476.jpg
465.240044,680.494784,processed_routes/route3/477.jpg
465.19581800000003,680.05048,processed_routes/route3/478.jpg
464.679822,679.502128,processed_routes/route3/479.jpg
465.690702,677.3132448,processed_routes/route3/480.jpg
465.68221559999995,677.2295472,processed_routes/route3/481.jpg
465.303926,677.7599008,processed_routes/route3/482.jpg
466.13005,675.53772,processed_routes/route3/483.jpg
466.658214,674.4015444,processed_routes/route3/484.jpg
465.589094,675.266736,processed_routes/route3/485.jpg
467.6916776,671.6698728,processed_routes/route3/486.jpg
467.22666760000004,671.6543524,processed_routes/route3/487.jpg
467.26733160000003,671.581964,processed_routes/route3/488.jpg
466.9354442,671.4971408,processed_routes/route3/489.jpg
467.105024,671.136792,processed_routes/route3/490.jpg
467.10509160000004,670.201298,processed_routes/route3/491.jpg
465.5067884,673.088182,processed_routes/route3/492.jpg
465.37957040000003,673.021024,processed_routes/route3/493.jpg
467.33808799999997,669.3758636,processed_routes/route3/494.jpg
467.5524502,669.477764,processed_routes/route3/495.jpg
469.732116,665.6966888,processed_routes/route3/496.jpg
467.232294,670.1802364,processed_routes/route3/497.jpg
467.276832,669.8533952,processed_routes/route3/498.jpg
467.4965658,667.394704,processed_routes/route3/499.jpg
467.0430556,669.371476,processed_routes/route3/500.jpg
466.9505216,668.3572879999999,processed_routes/route3/501.jpg
467.68237999999997,667.11784,processed_routes/route3/502.jpg
468.368377,665.665004,processed_routes/route3/503.jpg
466.212002,668.257636,processed_routes/route3/504.jpg
466.441244,667.2566724000001,processed_routes/route3/505.jpg
465.992016,667.2744720000001,processed_routes/route3/506.jpg
468.236544,663.636824,processed_routes/route3/507.jpg
468.662281,661.6612167999999,processed_routes/route3/508.jpg
465.8080218,666.6188072,processed_routes/route3/509.jpg
466.74066000000005,664.0473712,processed_routes/route3/510.jpg
466.752035,663.7536204,processed_routes/route3/511.jpg
467.875534,661.150172,processed_routes/route3/512.jpg
467.015558,662.604968,processed_routes/route3/513.jpg
468.408872,659.789064,processed_routes/route3/514.jpg
468.358224,659.4282392,processed_routes/route3/515.jpg
468.25464,659.7023928,processed_routes/route3/516.jpg
467.5263358,660.1098964,processed_routes/route3/517.jpg
469.262296,656.21086,processed_routes/route3/518.jpg
468.985617,656.4682359999999,processed_routes/route3/519.jpg
471.272876,651.9364444,processed_routes/route3/520.jpg
469.90974800000004,652.774882,processed_routes/route3/521.jpg
469.36257020000005,653.9842552,processed_routes/route3/522.jpg
468.51399000000004,654.9646359999999,processed_routes/route3/523.jpg
466.99117,656.897056,processed_routes/route3/524.jpg
466.57465,657.462656,processed_routes/route3/525.jpg
468.077398,653.4032159999999,processed_routes/route3/526.jpg
468.299646,653.129446,processed_routes/route3/527.jpg
468.746183,650.7682199999999,processed_routes/route3/528.jpg
469.0013002,650.2847552000001,processed_routes/route3/529.jpg
468.690842,650.079308,processed_routes/route3/530.jpg
467.680846,651.431778,processed_routes/route3/531.jpg
467.36804,651.091256,processed_routes/route3/532.jpg
469.340036,645.559548,processed_routes/route3/533.jpg
467.411512,649.0148488,processed_routes/route3/534.jpg
466.046174,650.62402,processed_routes/route3/535.jpg
465.18824159999997,651.2243792,processed_routes/route3/536.jpg
464.6050824,651.970456,processed_routes/route3/537.jpg
465.893632,649.0859632,processed_routes/route3/538.jpg
465.124682,649.79522,processed_routes/route3/539.jpg
464.890136,648.0484567999999,processed_routes/route3/540.jpg
463.489646,650.908192,processed_routes/route3/541.jpg
464.66366300000004,647.9925968,processed_routes/route3/542.jpg
465.674218,644.9529756,processed_routes/route3/543.jpg
465.0166416,646.021072,processed_routes/route3/544.jpg
462.9188316,649.387148,processed_routes/route3/545.jpg
462.96153400000003,648.943852,processed_routes/route3/546.jpg
463.0160144,648.2673524,processed_routes/route3/547.jpg
465.410942,642.400588,processed_routes/route3/548.jpg
463.99719200000004,644.807972,processed_routes/route3/549.jpg
462.592516,646.443872,processed_routes/route3/550.jpg
456.1689924,653.156452,processed_routes/route3/551.jpg
456.470556,651.25584,processed_routes/route3/552.jpg
456.7641298,650.49452,processed_routes/route3/553.jpg
457.66837599999997,648.0119728,processed_routes/route3/554.jpg
458.57387800000004,644.953796,processed_routes/route3/555.jpg
457.853002,646.0173004,processed_routes/route3/556.jpg
458.486362,643.160284,processed_routes/route3/557.jpg
459.75552600000003,640.5942128,processed_routes/route3/558.jpg
457.123806,646.0353436,processed_routes/route3/559.jpg
458.09046,643.691556,processed_routes/route3/560.jpg
457.111872,643.6803,processed_routes/route3/561.jpg
458.488286,641.064624,processed_routes/route3/562.jpg
457.822972,641.558992,processed_routes/route3/563.jpg
456.88419,642.5090432,processed_routes/route3/564.jpg
454.3487038,646.082896,processed_routes/route3/565.jpg
458.389564,639.6256648,processed_routes/route3/566.jpg
457.753552,638.74397,processed_routes/route3/567.jpg
458.04896399999996,638.626692,processed_routes/route3/568.jpg
456.34547,640.557656,processed_routes/route3/569.jpg
455.6754682,640.7548151999999,processed_routes/route3/570.jpg
455.792021,639.2277764,processed_routes/route3/571.jpg
455.357834,639.57984,processed_routes/route3/572.jpg
455.160754,639.8040248,processed_routes/route3/573.jpg
457.863948,634.676592,processed_routes/route3/574.jpg
457.134596,634.353416,processed_routes/route3/575.jpg
459.17856,630.401874,processed_routes/route3/576.jpg
457.3730784,632.5400520000001,processed_routes/route3/577.jpg
457.413862,632.479068,processed_routes/route3/578.jpg
457.254911,632.568332,processed_routes/route3/579.jpg
455.805554,636.036482,processed_routes/route3/580.jpg
457.0569496,632.901392,processed_routes/route3/581.jpg
457.647342,629.8996520000001,processed_routes/route3/582.jpg
458.146906,627.894544,processed_routes/route3/583.jpg
456.282784,631.261236,processed_routes/route3/584.jpg
457.904222,628.179556,processed_routes/route3/585.jpg
457.250218,628.94271,processed_routes/route3/586.jpg
458.64101,625.6411516000001,processed_routes/route3/587.jpg
458.39385400000003,625.236056,processed_routes/route3/588.jpg
457.839118,626.040188,processed_routes/route3/589.jpg
456.543759,627.312816,processed_routes/route3/590.jpg
456.6734262,626.970992,processed_routes/route3/591.jpg
456.683444,626.553064,processed_routes/route3/592.jpg
457.43968,626.2777316,processed_routes/route3/593.jpg
456.82570039999996,624.8878480000001,processed_routes/route3/594.jpg
456.6895436,625.016886,processed_routes/route3/595.jpg
456.914402,624.8384,processed_routes/route3/596.jpg
455.7163636,625.985434,processed_routes/route3/597.jpg
457.299176,622.157876,processed_routes/route3/598.jpg
460.001798,616.406144,processed_routes/route3/599.jpg
456.943028,622.038008,processed_routes/route3/600.jpg
459.059012,617.1160644,processed_routes/route3/601.jpg
458.88583900000003,617.055184,processed_routes/route3/602.jpg
458.895199,617.1449436,processed_routes/route3/603.jpg
460.057412,614.7491795999999,processed_routes/route3/604.jpg
459.89707,614.5145368,processed_routes/route3/605.jpg
459.57638599999996,614.9555424,processed_routes/route3/606.jpg
459.4006078,613.4202855999999,processed_routes/route3/607.jpg
459.15538100000003,613.6915608,processed_routes/route3/608.jpg
459.355906,613.205072,processed_routes/route3/609.jpg
458.681492,613.5355924,processed_routes/route3/610.jpg
459.43583,611.47498,processed_routes/route3/611.jpg
459.33781,611.5092016,processed_routes/route3/612.jpg
458.63698,611.905606,processed_routes/route3/613.jpg
457.442566,612.969872,processed_routes/route3/614.jpg
459.502767,609.5932036,processed_routes/route3/615.jpg
459.59065999999996,609.0921744,processed_routes/route3/616.jpg
457.701708,611.1846872,processed_routes/route3/617.jpg
459.807292,607.502158,processed_routes/route3/618.jpg
459.174348,607.6047136,processed_routes/route3/619.jpg
456.76688839999997,611.214916,processed_routes/route3/620.jpg
457.23589200000004,609.9074364,processed_routes/route3/621.jpg
458.820462,606.789824,processed_routes/route3/622.jpg
459.064732,606.4878664,processed_routes/route3/623.jpg
456.67226400000004,608.632308,processed_routes/route3/624.jpg
456.70350559999997,608.6372724,processed_routes/route3/625.jpg
456.56474360000004,608.3434488,processed_routes/route3/626.jpg
459.4285656,604.066292,processed_routes/route3/627.jpg
460.00230239999996,602.2030152,processed_routes/route3/628.jpg
459.305908,602.382974,processed_routes/route3/629.jpg
457.951464,603.309956,processed_routes/route3/630.jpg
455.4043584,607.3370924,processed_routes/route3/631.jpg
457.5422916,602.482164,processed_routes/route3/632.jpg
458.81266200000005,601.0652716,processed_routes/route3/633.jpg
459.294676,599.224658,processed_routes/route3/634.jpg
457.45064160000004,602.4268248,processed_routes/route3/635.jpg
458.23294,599.7793016,processed_routes/route3/636.jpg
458.768059,599.025522,processed_routes/route3/637.jpg
459.2113096,597.00262,processed_routes/route3/638.jpg
458.72746,597.3049976,processed_routes/route3/639.jpg
459.476065,595.7871288,processed_routes/route3/640.jpg
458.3859604,597.412666,processed_routes/route3/641.jpg
459.026668,595.5993496,processed_routes/route3/642.jpg
456.89419999999996,598.7663204,processed_routes/route3/643.jpg
456.575648,599.27048,processed_routes/route3/644.jpg
458.67098799999997,595.7028992,processed_routes/route3/645.jpg
456.53241,597.3947880000001,processed_routes/route3/646.jpg
456.54972599999996,597.1477664,processed_routes/route3/647.jpg
456.147792,597.4869024,processed_routes/route3/648.jpg
456.98674700000004,595.3370848,processed_routes/route3/649.jpg
457.484101,594.8430248,processed_routes/route3/650.jpg
458.624058,591.7586316,processed_routes/route3/651.jpg
459.761168,589.7393276,processed_routes/route3/652.jpg
458.56516799999997,590.3086236,processed_routes/route3/653.jpg
459.28467379999995,589.479524,processed_routes/route3/654.jpg
456.29427599999997,594.2041236,processed_routes/route3/655.jpg
456.957718,592.62363,processed_routes/route3/656.jpg
456.189509,592.2277352,processed_routes/route3/657.jpg
457.08166,590.288556,processed_routes/route3/658.jpg
458.135986,588.8415608,processed_routes/route3/659.jpg
457.041204,590.122628,processed_routes/route3/660.jpg
456.088694,591.1261004,processed_routes/route3/661.jpg
457.7652,587.7870472,processed_routes/route3/662.jpg
457.97130200000004,587.480716,processed_routes/route3/663.jpg
458.008872,585.885024,processed_routes/route3/664.jpg
456.779969,589.046924,processed_routes/route3/665.jpg
458.800572,584.0976776,processed_routes/route3/666.jpg
456.269004,587.7422024,processed_routes/route3/667.jpg
457.583356,584.5984043999999,processed_routes/route3/668.jpg
458.380854,582.6568816,processed_routes/route3/669.jpg
457.032169,585.258776,processed_routes/route3/670.jpg
458.050576,582.847122,processed_routes/route3/671.jpg
458.2394036,582.1566364,processed_routes/route3/672.jpg
458.95914600000003,580.2764952,processed_routes/route3/673.jpg
458.442448,580.9092952,processed_routes/route3/674.jpg
457.559059,582.1112904,processed_routes/route3/675.jpg
456.27003360000003,582.897536,processed_routes/route3/676.jpg
455.999592,582.963924,processed_routes/route3/677.jpg
458.146074,579.9040056,processed_routes/route3/678.jpg
457.87037,579.266412,processed_routes/route3/679.jpg
458.703761,576.9226216,processed_routes/route3/680.jpg
456.333536,580.7483344,processed_routes/route3/681.jpg
456.98026000000004,578.6780004,processed_routes/route3/682.jpg
458.431892,576.1525096,processed_routes/route3/683.jpg
457.994052,577.103104,processed_routes/route3/684.jpg
457.383884,577.1202792,processed_routes/route3/685.jpg
458.65235640000003,573.6332768,processed_routes/route3/686.jpg
457.64167399999997,574.8546088,processed_routes/route3/687.jpg
458.332832,573.0508684,processed_routes/route3/688.jpg
455.1527304,578.845432,processed_routes/route3/689.jpg
458.803328,572.4382312,processed_routes/route3/690.jpg
457.713824,573.2974,processed_routes/route3/691.jpg
457.879977,574.9601016,processed_routes/route3/692.jpg
458.63152,572.9171376,processed_routes/route3/693.jpg
458.5068058,571.25158,processed_routes/route3/694.jpg
456.677919,574.2446792,processed_routes/route3/695.jpg
458.608276,571.7863968,processed_routes/route3/696.jpg
458.6083436,571.4892944,processed_routes/route3/697.jpg
458.97373200000004,568.9513688,processed_routes/route3/698.jpg
460.454484,566.056992,processed_routes/route3/699.jpg
461.1385596,562.674536,processed_routes/route3/700.jpg
459.3102136,566.2256556,processed_routes/route3/701.jpg
457.45424,568.1095432,processed_routes/route3/702.jpg
457.15251,569.152658,processed_routes/route3/703.jpg
457.99674819999996,567.164196,processed_routes/route3/704.jpg
457.723639,567.5542556,processed_routes/route3/705.jpg
458.2493824,564.8877904,processed_routes/route3/706.jpg
457.7421744,565.337476,processed_routes/route3/707.jpg
457.14711239999997,566.3416288,processed_routes/route3/708.jpg
456.634265,566.3364712,processed_routes/route3/709.jpg
457.62308399999995,564.164276,processed_routes/route3/710.jpg
458.32162600000004,562.1374512,processed_routes/route3/711.jpg
456.8695884,563.6130876,processed_routes/route3/712.jpg
456.46274040000003,563.5144352,processed_routes/route3/713.jpg
456.9248358,562.4078444,processed_routes/route3/714.jpg
457.923852,560.3535488,processed_routes/route3/715.jpg
456.56712,561.0170424,processed_routes/route3/716.jpg
454.919708,563.9510952,processed_routes/route3/717.jpg
457.25313,559.1980756,processed_routes/route3/718.jpg
456.73085760000004,559.3901528,processed_routes/route3/719.jpg
456.6759976,559.322852,processed_routes/route3/720.jpg
456.09736239999995,560.016972,processed_routes/route3/721.jpg
455.575922,559.9432004,processed_routes/route3/722.jpg
456.239988,557.7812784,processed_routes/route3/723.jpg
455.987658,558.002624,processed_routes/route3/724.jpg
455.229238,558.8100656,processed_routes/route3/725.jpg
456.1602824,556.140372,processed_routes/route3/726.jpg
457.32853,553.6901116,processed_routes/route3/727.jpg
457.015802,554.1797112,processed_routes/route3/728.jpg
456.714488,554.7009676,processed_routes/route3/729.jpg
456.22780439999997,554.8146392,processed_routes/route3/730.jpg
457.5191698,552.1016996,processed_routes/route3/731.jpg
457.54612399999996,551.7281096,processed_routes/route3/732.jpg
456.532462,552.4599036,processed_routes/route3/733.jpg
457.221332,549.9753824,processed_routes/route3/734.jpg
456.646849,550.9885568,processed_routes/route3/735.jpg
456.1188436,551.5684592,processed_routes/route3/736.jpg
455.6450924,552.3395064,processed_routes/route3/737.jpg
456.96624599999996,549.4621844,processed_routes/route3/738.jpg
456.0851658,550.0386848,processed_routes/route3/739.jpg
455.2894176,550.8486688,processed_routes/route3/740.jpg
454.744728,551.0361232,processed_routes/route3/741.jpg
454.808012,550.7103376,processed_routes/route3/742.jpg
455.273334,549.3995764,processed_routes/route3/743.jpg
456.97727,546.0604616,processed_routes/route3/744.jpg
457.352606,544.099434,processed_routes/route3/745.jpg
456.4613,545.0355804,processed_routes/route3/746.jpg
454.08537579999995,548.8805488,processed_routes/route3/747.jpg
454.019458,548.7964059999999,processed_routes/route3/748.jpg
453.867566,548.159434,processed_routes/route3/749.jpg
453.62630160000003,547.4818928,processed_routes/route3/750.jpg
454.58274800000004,545.6986204,processed_routes/route3/751.jpg
455.9400364,542.7464908,processed_routes/route3/752.jpg
455.161898,543.3172064,processed_routes/route3/753.jpg
455.2807544,542.9831552,processed_routes/route3/754.jpg
455.96004600000003,541.10272,processed_routes/route3/755.jpg
455.74215300000003,541.1812152,processed_routes/route3/756.jpg
457.5940836,538.4339504,processed_routes/route3/757.jpg
456.0983244,539.3712896,processed_routes/route3/758.jpg
455.861805,539.78483,processed_routes/route3/759.jpg
456.198674,537.9369056,processed_routes/route3/760.jpg
455.969692,537.925,processed_routes/route3/761.jpg
454.965494,538.547272,processed_routes/route3/762.jpg
454.79367560000003,537.5312192,processed_routes/route3/763.jpg
455.395274,537.1901148,processed_routes/route3/764.jpg
454.816085,537.218168,processed_routes/route3/765.jpg
455.655638,535.2376468,processed_routes/route3/766.jpg
455.127409,534.8942884,processed_routes/route3/767.jpg
456.139732,533.2704452,processed_routes/route3/768.jpg
455.524026,534.1095156,processed_routes/route3/769.jpg
455.068012,533.9622048,processed_routes/route3/770.jpg
455.43458599999997,533.6618432,processed_routes/route3/771.jpg
456.038722,531.8285264,processed_routes/route3/772.jpg
455.165655,532.7253944,processed_routes/route3/773.jpg
454.4380918,533.2902132,processed_routes/route3/774.jpg
455.610944,531.1851536,processed_routes/route3/775.jpg
456.437718,529.156954,processed_routes/route3/776.jpg
454.89910299999997,531.3259404,processed_routes/route3/777.jpg
455.904042,529.1331596,processed_routes/route3/778.jpg
456.809596,526.4238684,processed_routes/route3/779.jpg
458.45396600000004,524.5984728,processed_routes/route3/780.jpg
458.148596,523.9658632000001,processed_routes/route3/781.jpg
455.391478,527.1067772,processed_routes/route3/782.jpg
456.590858,524.8866152,processed_routes/route3/783.jpg
456.383664,524.8367696,processed_routes/route3/784.jpg
455.8944116,525.3786032,processed_routes/route3/785.jpg
455.118296,526.3435504,processed_routes/route3/786.jpg
454.839654,526.156208,processed_routes/route3/787.jpg
455.522401,524.8393568,processed_routes/route3/788.jpg
456.677906,522.2719864,processed_routes/route3/789.jpg
456.835986,521.9579104,processed_routes/route3/790.jpg
456.19851800000004,521.9757884,processed_routes/route3/791.jpg
458.03424800000005,519.2555128,processed_routes/route3/792.jpg
456.884164,519.8173048,processed_routes/route3/793.jpg
455.8576216,520.6208936,processed_routes/route3/794.jpg
456.509192,518.747016,processed_routes/route3/795.jpg
455.867213,519.4494604,processed_routes/route3/796.jpg
455.50805160000004,519.8562976000001,processed_routes/route3/797.jpg
455.11920599999996,520.4187168,processed_routes/route3/798.jpg
456.4361944,518.137204,processed_routes/route3/799.jpg
457.031844,515.4945164,processed_routes/route3/800.jpg
457.74042199999997,515.400932,processed_routes/route3/801.jpg
456.010772,516.5034376,processed_routes/route3/802.jpg
456.876286,514.80080688,processed_routes/route3/803.jpg
457.385886,514.3203658,processed_routes/route3/804.jpg
457.4922,512.7984804,processed_routes/route3/805.jpg
457.615778,512.7075672,processed_routes/route3/806.jpg
458.6413844,510.8700924,processed_routes/route3/807.jpg
456.89277,511.6509312,processed_routes/route3/808.jpg
456.57667760000004,512.0556628,processed_routes/route3/809.jpg
456.589896,511.2755912,processed_routes/route3/810.jpg
456.27766199999996,511.1415902,processed_routes/route3/811.jpg
456.21648400000004,511.4727392,processed_routes/route3/812.jpg
456.42456200000004,511.6920324,processed_routes/route3/813.jpg
457.151964,510.0030556,processed_routes/route3/814.jpg
455.976556,510.2806616,processed_routes/route3/815.jpg
455.6496502,510.4881696,processed_routes/route3/816.jpg
456.4316678,508.4984728,processed_routes/route3/817.jpg
460.060402,503.3221548,processed_routes/route3/818.jpg
459.085636,504.16764,processed_routes/route3/819.jpg
456.8743464,506.96267,processed_routes/route3/820.jpg
457.560112,505.07144752,processed_routes/route3/821.jpg
456.590871,505.5721816,processed_routes/route3/822.jpg
456.4090738,505.7825652,processed_routes/route3/823.jpg
457.18415200000004,503.96330439999997,processed_routes/route3/824.jpg
457.61141,502.3535144,processed_routes/route3/825.jpg
457.57629180000004,502.295966,processed_routes/route3/826.jpg
458.590817,500.6043544,processed_routes/route3/827.jpg
457.676462,501.070126,processed_routes/route3/828.jpg
458.4806784,498.97669648,processed_routes/route3/829.jpg
458.882693,497.6836352,processed_routes/route3/830.jpg
456.850182,500.6676288,processed_routes/route3/831.jpg
459.07500200000004,497.37354724,processed_routes/route3/832.jpg
459.81491,495.74719356,processed_routes/route3/833.jpg
461.29064400000004,493.42526752,processed_routes/route3/834.jpg
458.390266,496.29541312,processed_routes/route3/835.jpg
458.933692,495.32150396,processed_routes/route3/836.jpg
459.06494,495.0272934,processed_routes/route3/837.jpg
458.796204,494.79075808,processed_routes/route3/838.jpg
459.153964,493.86658084,processed_routes/route3/839.jpg
459.60670200000004,492.8973852,processed_routes/route3/840.jpg
458.7010804,493.18729804,processed_routes/route3/841.jpg
460.350146,490.8070368,processed_routes/route3/842.jpg
458.37892999999997,493.06513432,processed_routes/route3/843.jpg
459.377434,490.9534488,processed_routes/route3/844.jpg
459.8758462,489.77887764,processed_routes/route3/845.jpg
458.751523,490.23048796,processed_routes/route3/846.jpg
459.68088,488.69652112,processed_routes/route3/847.jpg
459.122712,489.3809828,processed_routes/route3/848.jpg
458.74845500000004,489.56662728,processed_routes/route3/849.jpg
459.431371,487.9782654,processed_routes/route3/850.jpg
459.135621,488.29848964,processed_routes/route3/851.jpg
459.5652658,487.0202146,processed_routes/route3/852.jpg
460.802416,484.800306,processed_routes/route3/853.jpg
460.555338,484.83767704,processed_routes/route3/854.jpg
461.147267,484.39230064,processed_routes/route3/855.jpg
461.36945000000003,482.67531824,processed_routes/route3/856.jpg
461.31411160000005,482.88681484,processed_routes/route3/857.jpg
461.26324,481.79555572,processed_routes/route3/858.jpg
460.177506,482.14645816,processed_routes/route3/859.jpg
460.794798,480.621610136,processed_routes/route3/860.jpg
461.253828,480.19326776,processed_routes/route3/861.jpg
461.949406,478.54846096,processed_routes/route3/862.jpg
461.5248416,478.7925644,processed_routes/route3/863.jpg
460.74836200000004,479.342228704,processed_routes/route3/864.jpg
461.544482,477.85644502,processed_routes/route3/865.jpg
459.8707476,479.77298496,processed_routes/route3/866.jpg
460.94264180000005,478.010709956,processed_routes/route3/867.jpg
461.172591,477.77404396,processed_routes/route3/868.jpg
463.820769,473.64858528,processed_routes/route3/869.jpg
463.76716999999996,473.56108528,processed_routes/route3/870.jpg
461.577398,475.80307552,processed_routes/route3/871.jpg
462.37932639999997,474.0108014,processed_routes/route3/872.jpg
462.4334116,473.99284528,processed_routes/route3/873.jpg
461.83927,474.79253872,processed_routes/route3/874.jpg
462.0255262,473.2397136,processed_routes/route3/875.jpg
461.544482,473.98081648,processed_routes/route3/876.jpg
460.795084,474.35222192,processed_routes/route3/877.jpg
461.6278198,472.70924296,processed_routes/route3/878.jpg
461.7968016,472.485794,processed_routes/route3/879.jpg
462.12534800000003,471.2211964,processed_routes/route3/880.jpg
460.6654896,473.5858174,processed_routes/route3/881.jpg
463.050974,470.9157374,processed_routes/route3/882.jpg
462.358932,471.28994956,processed_routes/route3/883.jpg
461.81215199999997,472.22716836,processed_routes/route3/884.jpg
461.578932,472.40509464,processed_routes/route3/885.jpg
462.87739799999997,470.46564888,processed_routes/route3/886.jpg
462.6450256,470.5848908,processed_routes/route3/887.jpg
462.68424400000004,470.4847068,processed_routes/route3/888.jpg
462.12294039999995,470.7296284,processed_routes/route3/889.jpg
462.397958,469.20198592,processed_routes/route3/890.jpg
461.567206,470.466546,processed_routes/route3/891.jpg
460.984104,469.28564544,processed_routes/route3/892.jpg
461.738689,467.79952976,processed_routes/route3/893.jpg
461.8942184,467.473934,processed_routes/route3/894.jpg
461.995114,466.86676184,processed_routes/route3/895.jpg
461.417212,466.7598794,processed_routes/route3/896.jpg
461.0492158,467.06995,processed_routes/route3/897.jpg
462.062792,464.85268964,processed_routes/route3/898.jpg
462.15749960000005,464.10625556,processed_routes/route3/899.jpg
460.56793500000003,465.3103124,processed_routes/route3/900.jpg
459.992152,465.5913176,processed_routes/route3/901.jpg
461.9631496,461.8318724,processed_routes/route3/902.jpg
461.57383600000003,462.53381448,processed_routes/route3/903.jpg
461.189842,462.5879844,processed_routes/route3/904.jpg
459.671234,463.32194504,processed_routes/route3/905.jpg
460.3808,461.838486,processed_routes/route3/906.jpg
459.3161182,462.1941056,processed_routes/route3/907.jpg
460.083958,460.8731146,processed_routes/route3/908.jpg
461.076378,459.7091868,processed_routes/route3/909.jpg
461.465754,458.186222,processed_routes/route3/910.jpg
460.902815,458.5896236,processed_routes/route3/911.jpg
460.682452,458.2422444,processed_routes/route3/912.jpg
462.12335900000005,455.5274456,processed_routes/route3/913.jpg
460.330984,457.2973144,processed_routes/route3/914.jpg
459.9490076,456.6220076,processed_routes/route3/915.jpg
459.9035856,456.7705448,processed_routes/route3/916.jpg
460.72844599999996,455.0728544,processed_routes/route3/917.jpg
460.075118,455.5468888,processed_routes/route3/918.jpg
461.2509602,453.3699784,processed_routes/route3/919.jpg
460.4414164,453.7649184,processed_routes/route3/920.jpg
461.333791,452.4575312,processed_routes/route3/921.jpg
461.516597,451.45953112,processed_routes/route3/922.jpg
461.0927476,451.7942616,processed_routes/route3/923.jpg
460.9484242,450.656924,processed_routes/route3/924.jpg
459.89457400000003,451.1300792,processed_routes/route3/925.jpg
459.5936422,450.9732036,processed_routes/route3/926.jpg
461.0530456,449.0047616,processed_routes/route3/927.jpg
459.21004600000003,450.2838912,processed_routes/route3/928.jpg
460.405604,449.0405092,processed_routes/route3/929.jpg
461.390328,446.6403016,processed_routes/route3/930.jpg
461.449244,447.0540296,processed_routes/route3/931.jpg
460.84009000000003,447.2451366,processed_routes/route3/932.jpg
461.00181,445.465542,processed_routes/route3/933.jpg
461.261823,445.5194672,processed_routes/route3/934.jpg
460.57227439999997,444.828584,processed_routes/route3/935.jpg
459.74871399999995,444.7015788,processed_routes/route3/936.jpg
460.723584,443.9730188,processed_routes/route3/937.jpg
460.01770999999997,444.1985784,processed_routes/route3/938.jpg
460.508356,442.92709279999997,processed_routes/route3/939.jpg
460.434087,443.0848952,processed_routes/route3/940.jpg
460.529676,441.4731788,processed_routes/route3/941.jpg
461.68964,439.7107216,processed_routes/route3/942.jpg
460.91352440000003,440.2271284,processed_routes/route3/943.jpg
460.76554799999997,440.1183456,processed_routes/route3/944.jpg
461.425844,438.5845112,processed_routes/route3/945.jpg
460.3355236,439.1515644,processed_routes/route3/946.jpg
461.69406000000004,437.425692,processed_routes/route3/947.jpg
459.499634,439.3441176,processed_routes/route3/948.jpg
460.953645,437.2325228,processed_routes/route3/949.jpg
459.303022,438.8526924,processed_routes/route3/950.jpg
458.082504,440.0015212,processed_routes/route3/951.jpg
459.9848382,436.5775524,processed_routes/route3/952.jpg
458.6845756,437.7079068,processed_routes/route3/953.jpg
459.7748804,436.2101336,processed_routes/route3/954.jpg
460.17711599999996,434.8196396,processed_routes/route3/955.jpg
459.09936400000004,435.826528,processed_routes/route3/956.jpg
459.613514,434.3831504,processed_routes/route3/957.jpg
459.0576704,434.5665924,processed_routes/route3/958.jpg
459.68537019999997,433.401308,processed_routes/route3/959.jpg
460.42849179999996,431.2894472,processed_routes/route3/960.jpg
460.137336,431.58149000000003,processed_routes/route3/961.jpg
460.5394,430.2923252,processed_routes/route3/962.jpg
459.8863216,430.7889612,processed_routes/route3/963.jpg
459.65267,430.05001319999997,processed_routes/route3/964.jpg
458.895108,430.4757728,processed_routes/route3/965.jpg
459.021208,429.0767052,processed_routes/route3/966.jpg
459.2401202,428.8342504,processed_routes/route3/967.jpg
459.728928,428.190298,processed_routes/route3/968.jpg
459.1586804,428.4800924,processed_routes/route3/969.jpg
459.522293,427.5273112,processed_routes/route3/970.jpg
460.0857,425.5710716,processed_routes/route3/971.jpg
459.482734,425.9921804,processed_routes/route3/972.jpg
459.622848,425.11965,processed_routes/route3/973.jpg
459.817926,424.707126,processed_routes/route3/974.jpg
459.568196,424.1944292,processed_routes/route3/975.jpg
459.555248,424.3852884,processed_routes/route3/976.jpg
459.02167599999996,422.981388,processed_routes/route3/977.jpg
458.38283,423.7549636,processed_routes/route3/978.jpg
460.394944,420.4754272,processed_routes/route3/979.jpg
457.7749682,422.5831356,processed_routes/route3/980.jpg
460.301266,419.5547424,processed_routes/route3/981.jpg
460.0135084,419.5154248,processed_routes/route3/982.jpg
458.2148856,420.1530408,processed_routes/route3/983.jpg
458.585006,419.3425836,processed_routes/route3/984.jpg
458.57159,419.7202,processed_routes/route3/985.jpg
459.228584,418.152718,processed_routes/route3/986.jpg
459.29214360000003,416.3887348,processed_routes/route3/987.jpg
458.013019,418.6345112,processed_routes/route3/988.jpg
460.044438,415.426288,processed_routes/route3/989.jpg
459.97559,414.418022,processed_routes/route3/990.jpg
458.71360200000004,415.8649052,processed_routes/route3/991.jpg
460.82086560000005,412.8066388,processed_routes/route3/992.jpg
459.66762,413.0360876,processed_routes/route3/993.jpg
459.659456,412.41285519999997,processed_routes/route3/994.jpg
459.582652,412.72517,processed_routes/route3/995.jpg
460.187698,411.2333188,processed_routes/route3/996.jpg
460.20277799999997,410.8208788,processed_routes/route3/997.jpg
460.30890999999997,410.0106512,processed_routes/route3/998.jpg
460.408932,408.686618,processed_routes/route3/999.jpg
460.625538,408.3487448,processed_routes/route3/1000.jpg
460.81611799999996,406.9391324,processed_routes/route3/1001.jpg
459.4573736,407.586526,processed_routes/route3/1002.jpg
460.2776736,406.053932,processed_routes/route3/1003.jpg
461.38271,405.1538524,processed_routes/route3/1004.jpg
459.7328384,407.2879564,processed_routes/route3/1005.jpg
460.3352142,403.910252,processed_routes/route3/1006.jpg
